<?xml version="1.0" encoding="UTF-8"?>
<!DOCTYPE codetemplates PUBLIC "-//NetBeans//DTD Editor Code Templates settings 1.0//EN" "http://www.netbeans.org/dtds/EditorCodeTemplates-1_0.dtd">
<codetemplates>
    <codetemplate abbreviation="conlog" xml:space="preserve">
        <code><![CDATA[console.log(${cursor});]]></code>
        <description><![CDATA[console.log();]]></description>
    </codetemplate>
    <codetemplate abbreviation="comments" xml:space="preserve">
        <code><![CDATA[/**
 * ${cursor}
 */]]></code>
        <description><![CDATA[/**
 * Comments
 */]]></description>
    </codetemplate>
</codetemplates>
